,director,link,city,state,country,nm_film_directed,nm_of_wins,nm_of_nominations
0,Abbas Kiarostami,http://www.imdb.com/name/nm0452102/?ref_=sr_t_1,Tehran,,Iran,48,40,38
1,Abdellatif Kechiche,http://www.imdb.com/name/nm0444244/?ref_=sr_t_1,Tunis,,Tunisia,9,62,46
2,Abderrahmane Sissako,http://www.imdb.com/name/nm0803066/?ref_=sr_t_1,Kiffa,,Mauritania,18,39,16
3,Adam Curtis,http://www.imdb.com/name/nm0193231/?ref_=sr_t_1,Dartford,Kent,"England, UK",30,11,1
4,Adam McKay,http://www.imdb.com/name/nm0570912/?ref_=sr_t_1,Philadelphia,Pennsylvania,USA,26,43,98
5,Agnieszka Holland,http://www.imdb.com/name/nm0002140/?ref_=sr_t_1,Warsaw,Mazowieckie,Poland,47,62,66
6,Agnès Jaoui,http://www.imdb.com/name/nm0418450/?ref_=sr_t_1,Antony,Hauts-de-Seine,France,6,23,16
7,Agnès Varda,http://www.imdb.com/name/nm0889513/?ref_=sr_t_1,Ixelles,,Belgium,63,73,37
8,Aki Kaurismäki,http://www.imdb.com/name/nm0442454/?ref_=sr_t_1,Orimattila,,Finland,39,60,95
9,Alain Cavalier,http://www.imdb.com/name/nm0146760/?ref_=sr_t_1,Vendôme,Loir-et-Cher,France,39,17,17
10,Alain Gomis,http://www.imdb.com/name/nm0327120/?ref_=sr_t_1,Paris,,France,11,19,28
11,Alain Guiraudie,http://www.imdb.com/name/nm0347492/?ref_=sr_t_1,Villefranche-de-Rouergue,Aveyron,France,14,19,44
12,Alain Resnais,http://www.imdb.com/name/nm0720297/?ref_=sr_t_1,Vannes,Morbihan,France,49,60,55
13,Alan Mak,http://www.imdb.com/name/nm0538320/?ref_=sr_t_1,,,Hong Kong,21,14,28
14,Albert Serra,http://www.imdb.com/name/nm2247200/?ref_=sr_t_1,Banyoles,Girona,"Catalonia, Spain",21,28,44
15,Alejandro González Iñárritu,http://www.imdb.com/name/nm0327944/?ref_=fn_all_nme_1,Mexico City,Distrito Federal,Mexico,23,136,173
16,Aleksandr Sokurov,http://www.imdb.com/name/nm0812546/?ref_=sr_t_1,Podorvikha,Irkutskaya oblast,"RSFSR, USSR [now Russia]",63,51,52
17,Aleksey Fedorchenko,http://www.imdb.com/name/nm1922735/?ref_=sr_t_1,"Sol-Iletsk, Sol-Iletskiy rayon, Orenburgskaya oblast",Orenburgskaya oblast,"RSFSR, USSR [now Russia]",18,32,46
18,Aleksey German,http://www.imdb.com/name/nm0314516/?ref_=sr_t_1,Leningrad,Russian SFSR,"USSR [now St. Petersburg, Russia]",6,13,4
19,Alex Garland,http://www.imdb.com/name/nm0307497/?ref_=sr_t_1,London,England,UK,6,22,74
20,Alexander Payne,http://www.imdb.com/name/nm0668247/?ref_=sr_t_1,Omaha,Nebraska,USA,16,87,141
21,Alfonso Cuarón,http://www.imdb.com/name/nm0190859/?ref_=sr_t_1,Mexico City,Distrito Federal,Mexico,20,262,208
22,Amma Asante,http://www.imdb.com/name/nm1392994/?ref_=sr_t_1,Streatham,London,"England, UK",10,13,10
23,Ana Lily Amirpour,http://www.imdb.com/name/nm3235877/?ref_=fn_all_nme_1,Margate,Kent,"England, UK",21,12,21
24,Andrea Arnold,http://www.imdb.com/name/nm0036349/?ref_=sr_t_1,Dartford,Kent,"England, UK",17,70,49
25,Andrew Adamson,http://www.imdb.com/name/nm0011470/?ref_=sr_t_1,Auckland,,New Zealand,11,7,22
26,Andrew Dominik,http://www.imdb.com/name/nm0231596/?ref_=sr_t_1,Wellington,,New Zealand,20,8,20
27,Andrew Dosunmu,http://www.imdb.com/name/nm0234506/?ref_=sr_t_1,,,,12,3,5
28,Andrew Haigh,http://www.imdb.com/name/nm0354091/?ref_=sr_t_1,Harrogate,North Yorkshire,"England, UK",15,38,65
29,Andrew Stanton,http://www.imdb.com/name/nm0004056/?ref_=sr_t_1,Boston,Massachusetts,USA,20,37,69
30,Andrey Zvyagintsev,http://www.imdb.com/name/nm1168657/?ref_=sr_t_1,Novosibirsk,Novosibirskaya oblast,"RSFSR, USSR [now Russia]",9,76,70
31,Andrzej Wajda,http://www.imdb.com/name/nm0906667/?ref_=sr_t_1,Suwalki,Podlaskie,Poland,60,59,38
32,Andrzej Zulawski,http://www.imdb.com/name/nm0958558/?ref_=sr_t_1,Lwów,Lwowskie,"Poland [now Lviv, Ukraine]",17,10,11
33,André Singer,http://www.imdb.com/name/nm0801885/?ref_=sr_t_1,,,,7,12,15
34,Ang Lee,http://www.imdb.com/name/nm0000487/?ref_=sr_t_1,Pingtung,,Taiwan,22,104,99
35,Angela Ricci Lucchi,http://www.imdb.com/name/nm0723187/?ref_=fn_all_nme_1,Lugo,Emilia-Romagna,Italy,51,3,4
36,Annemarie Jacir,http://www.imdb.com/name/nm1486975/?ref_=sr_t_1,Bethlehem,,Palestine,13,40,21
37,Anthony Russo,http://www.imdb.com/name/nm0751577/?ref_=sr_t_1,Cleveland,Ohio,USA,28,14,18
38,Antonio Di Trapani,http://www.imdb.com/name/nm3721431/?ref_=fn_all_nme_1,,,,6,1,2
39,Anurag Kashyap,http://www.imdb.com/name/nm0440604/?ref_=sr_t_1,Gorakhpur,Uttar Pradesh,India,40,30,62
40,Apichatpong Weerasethakul,http://www.imdb.com/name/nm0917405/?ref_=sr_t_1,Bangkok,,Thailand,58,34,71
41,Ari Folman,http://www.imdb.com/name/nm0284369/?ref_=sr_t_1,Haifa,,Israel,7,37,44
42,Arnaud Desplechin,http://www.imdb.com/name/nm0221611/?ref_=sr_t_1,Roubaix,Nord,France,20,19,63
43,Asghar Farhadi,http://www.imdb.com/name/nm1410815/?ref_=sr_t_1,Khomeyni Shahr,Isfahan,Iran,11,102,99
44,Ashutosh Gowariker,http://www.imdb.com/name/nm0332950/?ref_=sr_t_1,Kolhapur,Maharashtra,India,10,31,17
45,Asif Kapadia,http://www.imdb.com/name/nm0438090/?ref_=sr_t_1,Hackney,London,"England, UK",26,35,36
46,Ava DuVernay,http://www.imdb.com/name/nm1148550/?ref_=sr_t_1,Long Beach,California,USA,23,71,80
47,Avi Nesher,http://www.imdb.com/name/nm0383605/?ref_=sr_t_1,Ramat Gan,,Israel,23,14,9
48,Bahman Ghobadi,http://www.imdb.com/name/nm0315842/?ref_=sr_t_1,Baneh,,Iran,12,58,29
49,Bart Layton,http://www.imdb.com/name/nm1717925/?ref_=sr_t_1,,,,9,15,24
50,Baz Luhrmann,http://www.imdb.com/name/nm0525303/?ref_=sr_t_1,New South Wales,,Australia,21,46,76
51,Bazi Gete,http://www.imdb.com/name/nm6514631/?ref_=sr_t_1,,,,Not Available,2,1
52,Ben Rivers,http://www.imdb.com/name/nm4234237/?ref_=sr_t_1,Somerset,England,UK,40,12,27
53,Ben Stiller,http://www.imdb.com/name/nm0001774/?ref_=sr_t_1,New York City,New York,USA,23,18,68
54,Ben Wheatley,http://www.imdb.com/name/nm1296554/?ref_=sr_t_1,Billericay,Essex,"England, UK",26,9,30
55,Benh Zeitlin,http://www.imdb.com/name/nm1022455/?ref_=sr_t_1,Manhattan,New York,USA,7,59,56
56,Benny Safdie,http://www.imdb.com/name/nm1509478/?ref_=sr_t_1,New York City,New York,USA,23,22,68
57,Bong Joon-ho,http://www.imdb.com/name/nm0094435/?ref_=sr_t_1,Daegu,,South Korea,17,208,136
58,Boo Junfeng,http://www.imdb.com/name/nm3008853/?ref_=sr_t_1,,,Singapore,9,13,9
59,Bouli Lanners,http://www.imdb.com/name/nm0099521/?ref_=sr_t_1,Moresnet-Chapelle,,Belgium,7,36,27
60,Brad Bird,http://www.imdb.com/name/nm0083348/?ref_=sr_t_1,Kalispell,Montana,USA,12,34,44
61,Brian De Palma,http://www.imdb.com/name/nm0000361/?ref_=fn_all_nme_1,Newark,New Jersey,USA,44,16,28
62,Brian Taylor,http://www.imdb.com/name/nm0962729/?ref_=sr_t_1,,,,8,1,1
63,Béla Tarr,http://www.imdb.com/name/nm0850601/?ref_=sr_t_1,Pécs,,Hungary,18,24,7
64,Cameron Crowe,http://www.imdb.com/name/nm0001081/?ref_=sr_t_1,Palm Springs,California,USA,15,21,44
65,Carlos Reygadas,http://www.imdb.com/name/nm1196161/?ref_=sr_t_1,Mexico City,Distrito Federal,Mexico,13,48,31
66,Carlos Saura,http://www.imdb.com/name/nm0767022/?ref_=sr_t_1,Huesca,Aragón,Spain,52,63,46
67,Carol Morley,http://www.imdb.com/name/nm1345246/?ref_=sr_t_1,Stockport,Greater Manchester,"England, UK",10,2,8
68,Cary Joji Fukunaga,http://www.imdb.com/name/nm1560977/?ref_=fn_all_nme_1,Oakland,California,USA,15,26,35
69,Catherine Breillat,http://www.imdb.com/name/nm0106924/?ref_=sr_t_1,Bressuire,Deux-Sèvres,France,20,11,17
70,Chaitanya Tamhane,http://www.imdb.com/name/nm4058904/?ref_=sr_t_1,Mumbai,Maharashtra,India,3,28,14
71,Chantal Akerman,http://www.imdb.com/name/nm0001901/?ref_=sr_t_1,Brussels,,Belgium,51,10,18
72,Charles Burnett,http://www.imdb.com/name/nm0122344/?ref_=sr_t_1,Vicksburg,Mississippi,USA,32,20,7
73,Charlie Kaufman,http://www.imdb.com/name/nm0442109/?ref_=sr_t_1,New York City,New York,USA,5,108,115
74,Chris Buck,http://www.imdb.com/name/nm0118333/?ref_=sr_t_1,Wichita,Kansas,USA,10,14,21
75,Christian Marclay,http://www.imdb.com/name/nm3827692/?ref_=sr_t_1,,,,15,1,Not Available
76,Christian Petzold,http://www.imdb.com/name/nm0678857/?ref_=sr_t_1,Hilden,North Rhine-Westphalia,Germany,20,46,67
77,Christopher Guest,http://www.imdb.com/name/nm0001302/?ref_=sr_t_1,New York City,New York,USA,17,9,20
78,Christopher Morris,http://www.imdb.com/name/nm0606439/?ref_=sr_t_1,Bristol,England,UK,8,9,17
79,Christopher Nolan,http://www.imdb.com/name/nm0634240/?ref_=sr_t_1,London,England,UK,18,231,301
80,Claire Denis,http://www.imdb.com/name/nm0219136/?ref_=sr_t_1,Paris,,France,36,16,49
81,Claude Lanzmann,http://www.imdb.com/name/nm0487351/?ref_=sr_t_1,Bois-Colombes,Hauts-de-Seine,France,11,14,7
82,Clint Eastwood,http://www.imdb.com/name/nm0000142/?ref_=sr_t_1,San Francisco,California,USA,45,162,183
83,Clio Barnard,http://www.imdb.com/name/nm1163237/?ref_=sr_t_1,"Otley, Leeds, West Yorkshire",West Yorkshire,"England, UK",10,16,37
84,Conrad Vernon,http://www.imdb.com/name/nm0970447/?ref_=sr_t_1,Lubbock,Texas,USA,10,1,12
85,Corneliu Porumboiu,http://www.imdb.com/name/nm1717949/?ref_=sr_t_1,Vaslui,,Romania,13,30,53
86,Courtney Hunt,http://www.imdb.com/name/nm2581581/?ref_=sr_t_1,Memphis,Tennessee,USA,9,15,17
87,Cristi Puiu,http://www.imdb.com/name/nm1090998/?ref_=sr_t_1,Bucharest,,Romania,10,50,35
88,Cristian Mungiu,http://www.imdb.com/name/nm0612816/?ref_=sr_t_1,Iasi,,Romania,13,46,72
89,Céline Sciamma,http://www.imdb.com/name/nm1780037/?ref_=sr_t_1,Pontoise,Val-d'Oise,France,9,57,92
90,Damien Chazelle,http://www.imdb.com/name/nm3227090/?ref_=sr_t_1,Providence,Rhode Island,USA,9,79,140
91,Damián Szifrón,http://www.imdb.com/name/nm1167933/?ref_=sr_t_1,Ramos Mejía,Buenos Aires,Argentina,13,37,32
92,Dan Gilroy,http://www.imdb.com/name/nm0319659/?ref_=sr_t_1,Santa Monica,California,USA,4,19,25
93,Danis Tanovic,http://www.imdb.com/name/nm0849786/?ref_=sr_t_1,Zenica,Bosnia and Herzegovina,Yugoslavia,19,37,30
94,Danièle Huillet,http://www.imdb.com/name/nm0401247/?ref_=sr_t_1,Paris,,France,30,6,8
95,Darren Aronofsky,http://www.imdb.com/name/nm0004716/?ref_=sr_t_1,Brooklyn,New York City,"New York, USA",19,51,109
96,David Cronenberg,http://www.imdb.com/name/nm0000343/?ref_=sr_t_1,Toronto,Ontario,Canada,48,80,95
97,David Fincher,http://www.imdb.com/name/nm0000399/?ref_=sr_t_1,Denver,Colorado,USA,95,72,154
98,David France,http://www.imdb.com/name/nm0289800/?ref_=sr_t_1,,,,7,31,25
99,David Lynch,http://www.imdb.com/name/nm0000186/?ref_=sr_t_1,Missoula,Montana,USA,108,60,85
100,David Michôd,http://www.imdb.com/name/nm2391575/?ref_=sr_t_1,,,,14,23,26
101,David O'Reilly,https://www.imdb.com/name/nm2419195/?ref_=fn_all_nme_2,Kilkenny,,Ireland,33,44,15
102,David O. Russell,http://www.imdb.com/name/nm0751102/?ref_=fn_all_nme_1,Manhattan,New York City,"New York, USA",17,46,100
103,David Silverman,http://www.imdb.com/name/nm0798899/?ref_=sr_t_1,New York City,New York,USA,26,8,19
104,David Wain,http://www.imdb.com/name/nm0906476/?ref_=sr_t_1,Shaker Heights,Ohio,USA,36,7,7
105,Debra Granik,http://www.imdb.com/name/nm0335138/?ref_=sr_t_1,Cambridge,Massachusetts,USA,7,49,85
106,Denis Villeneuve,http://www.imdb.com/name/nm0898288/?ref_=sr_t_1,Trois-Rivières,Québec,Canada,21,100,176
107,Derek Cianfrance,http://www.imdb.com/name/nm0161834/?ref_=sr_t_1,Lakewood,Colorado,USA,7,10,24
108,Destin Daniel Cretton,http://www.imdb.com/name/nm2308774/?ref_=fn_all_nme_1,Maui,Hawaii,USA,17,36,32
109,Dibakar Banerjee,http://www.imdb.com/name/nm1962313/?ref_=sr_t_1,New Delhi,,India,13,4,10
110,Don Hertzfeldt,http://www.imdb.com/name/nm0381116/?ref_=sr_t_1,Fremont,California,USA,20,161,32
111,Dror Moreh,http://www.imdb.com/name/nm0603466/?ref_=sr_t_1,,,,5,4,10
112,Duke Johnson,http://www.imdb.com/name/nm2122478/?ref_=sr_t_1,St. Louis,Missouri,USA,8,16,22
113,Duncan Jones,http://www.imdb.com/name/nm1512910/?ref_=sr_t_1,Bromley,Kent,"England, UK",7,15,13
114,Edgar Wright,http://www.imdb.com/name/nm0942367/?ref_=sr_t_1,Poole,Dorset,"England, UK",30,20,50
115,Edward Yang,http://www.imdb.com/name/nm0945981/?ref_=sr_t_1,Shanghai,,China,12,26,24
116,Elia Suleiman,http://www.imdb.com/name/nm0837839/?ref_=sr_t_1,Nazareth,,Israel,12,25,28
117,Emad Burnat,http://www.imdb.com/name/nm4796818/?ref_=sr_t_1,,,Palestine,2,17,9
118,Eran Kolirin,http://www.imdb.com/name/nm0464115/?ref_=sr_t_1,Holon,,Israel,7,43,19
119,Eran Riklis,http://www.imdb.com/name/nm0726954/?ref_=sr_t_1,Beersheba,,Israel,22,20,21
120,Eric Darnell,http://www.imdb.com/name/nm0201509/?ref_=sr_t_1,Prairie Village,Kansas,USA,14,10,7
121,Eric Khoo,http://www.imdb.com/name/nm0451799/?ref_=sr_t_1,,,Singapore,26,23,22
122,Ermanno Olmi,http://www.imdb.com/name/nm0647438/?ref_=sr_t_1,Bergamo,Lombardy,Italy,103,54,26
123,Ernie Gehr,http://www.imdb.com/name/nm0311780/?ref_=sr_t_1,Milwaukee,Wisconsin,USA,28,1,Not Available
124,Ethan Coen,http://www.imdb.com/name/nm0001053/?ref_=sr_t_1,Minneapolis,Minnesota,USA,26,114,286
125,Evan Goldberg,http://www.imdb.com/name/nm1698571/?ref_=sr_t_1,Vancouver,British Columbia,Canada,14,6,22
126,Eytan Fox,http://www.imdb.com/name/nm0297202/?ref_=sr_t_1,New York City,New York,USA,13,17,9
127,Fabián Bielinsky,http://www.imdb.com/name/nm0081433/?ref_=sr_t_1,Buenos Aires,,Argentina,4,17,6
128,Fatih Akin,http://www.imdb.com/name/nm0015359/?ref_=sr_t_1,Hamburg,,West Germany,23,53,46
129,Fernando Meirelles,http://www.imdb.com/name/nm0576987/?ref_=sr_t_1,São Paulo,São Paulo,Brazil,29,70,53
130,Florian Henckel von Donnersmarck,http://www.imdb.com/name/nm0003697/?ref_=fn_all_nme_1,Cologne,North Rhine-Westphalia,Germany,8,61,16
131,Francis Ford Coppola,http://www.imdb.com/name/nm0000338/?ref_=fn_all_nme_1,Detroit,Michigan,USA,40,56,56
132,Franco Piavoli,http://www.imdb.com/name/nm0681311/?ref_=sr_t_1,Pozzolengo,Lombardy,Italy,18,4,4
133,François Ozon,http://www.imdb.com/name/nm0654830/?ref_=sr_t_1,Paris,,France,48,37,112
134,Frederick Wiseman,http://www.imdb.com/name/nm0936464/?ref_=sr_t_1,Boston,Massachusetts,USA,50,48,55
135,Gabriela Pichler,http://www.imdb.com/name/nm3307527/?ref_=sr_t_1,Huddinge församling,Huddinge,"Södermanland, Sweden",4,11,13
136,Gareth Edwards,http://www.imdb.com/name/nm2284484/?ref_=sr_t_1,Nuneaton,Warwickshire,"England, UK",9,14,15
137,Gaspar Noé,http://www.imdb.com/name/nm0637615/?ref_=sr_t_1,Buenos Aires,,Argentina,36,22,33
138,George Clooney,http://www.imdb.com/name/nm0000123/?ref_=sr_t_1,Lexington,Kentucky,USA,12,99,206
139,George Lucas,http://www.imdb.com/name/nm0000184/?ref_=sr_t_1,Modesto,California,USA,19,66,41
140,George Miller,http://www.imdb.com/name/nm0004306/?ref_=sr_t_1,Chinchilla,Queensland,Australia,19,76,71
141,Gerhard Benedikt Friedl,http://www.imdb.com/name/nm0295068/?ref_=fn_all_nme_1,Bad Aussee,Styria,Austria,2,Not Available,Not Available
142,Gina Prince-Bythewood,http://www.imdb.com/name/nm0697656/?ref_=sr_t_1,,,USA,21,21,30
143,Greg Mottola,http://www.imdb.com/name/nm0609549/?ref_=sr_t_1,Dix Hills,Long Island,"New York, USA",20,8,6
144,Guillermo Del Toro,http://www.imdb.com/name/nm0868219/?ref_=fn_all_nme_1,Guadalajara,Jalisco,Mexico,26,132,194
145,Gurinder Chadha,http://www.imdb.com/name/nm0149446/?ref_=sr_t_1,Nairobi,,Kenya,22,19,13
146,Gus Van Sant,http://www.imdb.com/name/nm0001814/?ref_=fn_all_nme_1,Louisville,Kentucky,USA,55,44,69
147,Guy Davidi,http://www.imdb.com/name/nm1519079/?ref_=sr_t_1,Jaffa,Tel Aviv,Israel,10,21,18
148,Guy Maddin,http://www.imdb.com/name/nm0534665/?ref_=sr_t_1,Winnipeg,Manitoba,Canada,70,27,36
149,Hany Abu-Assad,http://www.imdb.com/name/nm0009463/?ref_=sr_t_1,Nazareth,,Israel,15,20,30
150,Harmony Korine,http://www.imdb.com/name/nm0005101/?ref_=sr_t_1,Bolinas,California,USA,35,12,15
151,Hayao Miyazaki,http://www.imdb.com/name/nm0594503/?ref_=sr_t_1,Tokyo,,Japan,31,89,62
152,Hirokazu Koreeda,http://www.imdb.com/name/nm0466153/?ref_=sr_t_1,Tokyo,,Japan,33,79,135
153,Hong Sang-soo,http://www.imdb.com/name/nm0393254/?ref_=sr_t_1,Seoul,,Korea,40,62,118
154,Hou Hsiao-hsien,http://www.imdb.com/name/nm0396284/?ref_=sr_t_1,Meixian,Guangdong,China,21,63,54
155,Ingmar Bergman,http://www.imdb.com/name/nm0000005/?ref_=sr_t_1,Uppsala,Uppsala län,Sweden,72,80,58
156,J. A. Bayona,http://www.imdb.com/name/nm1291105/?ref_=fn_all_nme_1,Barcelona,Catalonia,Spain,23,51,44
157,J. J. Abrams,http://www.imdb.com/name/nm0009190/?ref_=fn_all_nme_1,New York City,New York,USA,20,29,63
158,Jack Neo,http://www.imdb.com/name/nm0626090/?ref_=sr_t_1,,,,33,5,4
159,Jacob Krupnick,http://www.imdb.com/name/nm4937026/?ref_=sr_t_1,,,,2,3,1
160,Jacques Audiard,http://www.imdb.com/name/nm0002191/?ref_=sr_t_1,Paris,,France,17,78,96
161,Jacques Rivette,http://www.imdb.com/name/nm0729626/?ref_=sr_t_1,Rouen,Seine-Inférieure [now Seine-Maritime],France,32,14,20
162,Jafar Panahi,http://www.imdb.com/name/nm0070159/?ref_=sr_t_1,Mianeh,Azarbaijan Province,Iran,24,54,47
163,James Cameron,http://www.imdb.com/name/nm0000116/?ref_=sr_t_1,Kapuskasing,Ontario,Canada,22,82,97
164,James Gray,http://www.imdb.com/name/nm0336695/?ref_=sr_t_1,New York City,New York,USA,16,7,41
165,James Marsh,http://www.imdb.com/name/nm1016428/?ref_=sr_t_1,Truro,Cornwall,"England, UK",21,27,28
166,Jan Pinkava,http://www.imdb.com/name/nm0684342/?ref_=sr_t_1,Prague,,Czechoslovakia [now Czech Republic],6,11,6
167,Jane Campion,http://www.imdb.com/name/nm0001005/?ref_=sr_t_1,Wellington,,New Zealand,19,177,105
168,Janie Geiser,http://www.imdb.com/name/nm0312026/?ref_=sr_t_1,Baton Rouge,Louisiana,USA,10,2,1
169,Jason Reitman,http://www.imdb.com/name/nm0718646/?ref_=sr_t_1,Montreal,Quebec,Canada,22,67,79
170,Jason Silverman,http://www.imdb.com/name/nm0798918/?ref_=sr_t_1,,,,2,3,6
171,Jean-Charles Fitoussi,http://www.imdb.com/name/nm0280083/?ref_=sr_t_1,Tours,,France,12,6,6
172,Jean-Claude Brisseau,http://www.imdb.com/name/nm0109885/?ref_=sr_t_1,Paris,,France,23,5,7
173,Jean-Gabriel Périot,http://www.imdb.com/name/nm1516014/?ref_=sr_t_1,Bellac,Haute-Vienne,France,34,22,40
174,Jean-Luc Godard,http://www.imdb.com/name/nm0000419/?ref_=sr_t_1,Paris,,France,135,49,74
175,Jean-Marc Vallée,http://www.imdb.com/name/nm0885249/?ref_=sr_t_1,Montreal,Quebec,Canada,21,32,38
176,Jean-Marie Straub,http://www.imdb.com/name/nm0833708/?ref_=sr_t_1,Metz,Moselle,"Lorraine, France",54,11,10
177,Jean-Marie Téno,http://www.imdb.com/name/nm0879403/?ref_=sr_t_1,Famleng,,Cameroon,16,3,7
178,Jean-Pierre Dardenne,http://www.imdb.com/name/nm0201094/?ref_=sr_t_1,Engis,Wallonia,Belgium,21,67,80
179,Jean-Pierre Jeunet,http://www.imdb.com/name/nm0000466/?ref_=sr_t_1,Roanne,Loire,"Rhône-Alpes, France",28,45,31
180,Jeff Nichols,http://www.imdb.com/name/nm2158772/?ref_=sr_t_1,Little Rock,Arkansas,USA,9,26,41
181,Jeff Tremaine,http://www.imdb.com/name/nm0871860/?ref_=sr_t_1,Durham,North Carolina,USA,27,Not Available,Not Available
182,Jennifer Kent,http://www.imdb.com/name/nm0448768/?ref_=sr_t_1,Brisbane,Queensland,Australia,7,34,27
183,Jennifer Lee,http://www.imdb.com/name/nm1601644/?ref_=sr_t_1,Barrington,Rhode Island,USA,5,15,22
184,Jessica Hausner,http://www.imdb.com/name/nm0369618/?ref_=sr_t_1,Vienna,,Austria,11,21,32
185,Jia Zhang-ke,http://www.imdb.com/name/nm0422605/?ref_=sr_t_1,Fenyang,Shanxi,China,32,82,101
186,Jiang Wen,http://www.imdb.com/name/nm0422638/?ref_=sr_t_1,Tangshan,,China,8,42,56
187,Jihan El-Tahri,http://www.imdb.com/name/nm1911613/?ref_=sr_t_1,,,,6,Not Available,Not Available
188,Jim Jarmusch,http://www.imdb.com/name/nm0000464/?ref_=sr_t_1,Akron,Ohio,USA,32,33,54
189,Joanna Hogg,http://www.imdb.com/name/nm0389712/?ref_=sr_t_1,London,England,UK,16,5,35
190,Joe Cornish,http://www.imdb.com/name/nm0180428/?ref_=sr_t_1,London,England,UK,11,12,17
191,Joe Russo,http://www.imdb.com/name/nm0751648/?ref_=sr_t_1,Cleveland,Ohio,USA,31,15,22
192,Joel Coen,http://www.imdb.com/name/nm0001054/?ref_=sr_t_1,Minneapolis,Minnesota,USA,26,142,321
193,John Akomfrah,http://www.imdb.com/name/nm0015497/?ref_=sr_t_1,Accra,,Ghana,40,3,5
194,John Cameron Mitchell,http://www.imdb.com/name/nm0593463/?ref_=fn_all_nme_1,El Paso,Texas,USA,12,27,34
195,John Carney,http://www.imdb.com/name/nm0138809/?ref_=sr_t_1,Dublin,,Ireland,16,14,24
196,John Crowley,http://www.imdb.com/name/nm1259871/?ref_=sr_t_1,Cork,,Ireland,14,18,13
197,John Gianvito,http://www.imdb.com/name/nm1072936/?ref_=sr_t_1,,,,10,5,10
198,Johnnie To,http://www.imdb.com/name/nm0864775/?ref_=sr_t_1,,,Hong Kong,76,43,77
199,Jonas Mekas,http://www.imdb.com/name/nm0577263/?ref_=sr_t_1,Semeniskiai,,Lithuania,59,8,Not Available
200,Jonathan Glazer,http://www.imdb.com/name/nm0322242/?ref_=sr_t_1,London,England,UK,30,22,79
201,Joseph Cedar,http://www.imdb.com/name/nm0147737/?ref_=sr_t_1,New York City,New York,USA,8,16,11
202,Joseph Kahn,http://www.imdb.com/name/nm0994538/?ref_=sr_t_1,,,,166,9,14
203,Josephine Decker,http://www.imdb.com/name/nm2528451/?ref_=sr_t_1,Hammersmith,London,"England, UK",20,8,34
204,Josh Safdie,http://www.imdb.com/name/nm1343394/?ref_=sr_t_1,New York City,New York,USA,33,21,51
205,Joshua Oppenheimer,http://www.imdb.com/name/nm1484791/?ref_=sr_t_1,Texas,,USA,16,61,46
206,Joss Whedon,http://www.imdb.com/name/nm0923736/?ref_=sr_t_1,New York City,New York,USA,15,26,48
207,João Pedro Rodrigues,http://www.imdb.com/name/nm0735134/?ref_=fn_all_nme_1,Lisbon,,Portugal,21,41,62
208,Juan José Campanella,http://www.imdb.com/name/nm0002728/?ref_=fn_all_nme_1,Buenos Aires,,Argentina,36,60,53
209,Judy Kibinge,http://www.imdb.com/name/nm1834196/?ref_=sr_t_1,,,,6,Not Available,Not Available
210,Julian Schnabel,http://www.imdb.com/name/nm0773603/?ref_=sr_t_1,Brooklyn,New York,USA,7,28,35
211,Jørgen Leth,http://www.imdb.com/name/nm0504654/?ref_=sr_t_1,Århus,,Denmark,47,12,7
212,K. Rajagopal,http://www.imdb.com/name/nm1474851/?ref_=sr_t_1,,,,Not Available,1,Not Available
213,Karim Aïnouz,http://www.imdb.com/name/nm0014694/?ref_=sr_t_1,Fortaleza,Ceará,Brazil,28,54,84
214,Kathryn Bigelow,http://www.imdb.com/name/nm0000941/?ref_=sr_t_1,San Carlos,California,USA,23,87,66
215,Kelly Reichardt,http://www.imdb.com/name/nm0716980/?ref_=sr_t_1,Miami-Dade County,Florida,USA,15,35,111
216,Kelvin Tong,http://www.imdb.com/name/nm0867210/?ref_=sr_t_1,,,Singapore,18,7,9
217,Ken Jacobs,http://www.imdb.com/name/nm0414499/?ref_=sr_t_1,"Williamsburg, Brooklyn, New York City",New York City,"New York, USA",63,2,7
218,Ken Loach,http://www.imdb.com/name/nm0516360/?ref_=sr_t_1,Nuneaton,Warwickshire,"England, UK",57,122,105
219,Kenneth Lonergan,http://www.imdb.com/name/nm0518836/?ref_=sr_t_1,New York City,New York,USA,3,67,100
220,Kevin Costner,http://www.imdb.com/name/nm0000126/?ref_=sr_t_1,Lynwood,California,USA,6,67,69
221,Khalo Matabane,http://www.imdb.com/name/nm1988834/?ref_=sr_t_1,,,,9,2,8
222,Kim Jee-woon,http://www.imdb.com/name/nm0453518/?ref_=sr_t_1,Seoul,,South Korea,18,35,29
223,Kim Ki-duk,http://www.imdb.com/name/nm1104118/?ref_=sr_t_1,Bonghwa,,South Korea,26,63,57
224,Kinji Fukasaku,http://www.imdb.com/name/nm0297935/?ref_=sr_t_1,Mito,,Japan,71,24,14
225,Kiyoshi Kurosawa,http://www.imdb.com/name/nm0475905/?ref_=sr_t_1,Kobe,,Japan,66,28,48
226,Kleber Mendonça Filho,http://www.imdb.com/name/nm2207625/?ref_=fn_all_nme_1,Recife,Pernambuco,Brazil,22,105,59
227,Kátia Lund,http://www.imdb.com/name/nm0526199/?ref_=sr_t_1,São Paulo,São Paulo,Brazil,22,21,9
228,Larry Charles,http://www.imdb.com/name/nm0153078/?ref_=sr_t_1,Brooklyn,New York City,"New York, USA",20,5,21
229,Lars von Trier,http://www.imdb.com/name/nm0001885/?ref_=fn_all_nme_1,Copenhagen,,Denmark,46,106,112
230,Laurent Cantet,http://www.imdb.com/name/nm0134559/?ref_=sr_t_1,Melle,Deux-Sèvres,France,13,36,33
231,Laurie Anderson,http://www.imdb.com/name/nm0002173/?ref_=sr_t_1,Glen Ellyn,Illinois,USA,10,6,18
232,Lav Diaz,http://www.imdb.com/name/nm0225010/?ref_=sr_t_1,Datu Paglas,Maguindanao,"Mindanao, Philippines",42,57,107
233,Lee Chang-dong,http://www.imdb.com/name/nm0496969/?ref_=sr_t_1,Daegu,,South Korea,7,82,75
234,Lee Unkrich,http://www.imdb.com/name/nm0881279/?ref_=sr_t_1,Cleveland,Ohio,USA,8,31,33
235,Leos Carax,http://www.imdb.com/name/nm0136021/?ref_=sr_t_1,Suresnes,Seine [now Hauts-de-Seine],France,18,26,50
236,Lewis Klahr,http://www.imdb.com/name/nm0458185/?ref_=sr_t_1,,,,39,1,3
237,Luc Dardenne,http://www.imdb.com/name/nm0201095/?ref_=sr_t_1,Awirs,Wallonia,Belgium,21,67,80
238,Luca Guadagnino,http://www.imdb.com/name/nm0345174/?ref_=sr_t_1,Palermo,Sicily,Italy,43,40,95
239,Lucrecia Martel,http://www.imdb.com/name/nm0551506/?ref_=sr_t_1,Salta,,Argentina,26,37,28
240,Luigi M. Faccini,http://www.imdb.com/name/nm0264825/?ref_=fn_all_nme_1,Lerici,,Italy,13,2,1
241,Lukas Moodysson,http://www.imdb.com/name/nm0600546/?ref_=sr_t_1,Malmö,Skåne län,Sweden,14,43,42
242,Luke Fowler,http://www.imdb.com/name/nm4917815/?ref_=sr_t_1,,,,13,4,6
243,Lynne Ramsay,http://www.imdb.com/name/nm0708903/?ref_=sr_t_1,Glasgow,Strathclyde,"Scotland, UK",13,41,61
244,László Nemes,http://www.imdb.com/name/nm1841577/?ref_=sr_t_1,Budapest,,Hungary,7,45,41
245,Mahamat-Saleh Haroun,http://www.imdb.com/name/nm0757958/?ref_=sr_t_1,Abéché,,Chad,24,28,22
246,Mani Haghighi,http://www.imdb.com/name/nm2155679/?ref_=sr_t_1,Tehran,,Iran,10,12,28
247,Manoel de Oliveira,http://www.imdb.com/name/nm0210701/?ref_=fn_all_nme_1,Oporto,,Portugal,66,56,74
248,Marcelo Gomes,http://www.imdb.com/name/nm1103123/?ref_=sr_t_1,Recife,Pernambuco,Brazil,14,49,32
249,Marco Bellocchio,http://www.imdb.com/name/nm0069166/?ref_=sr_t_1,Piacenza,Emilia-Romagna,Italy,55,91,117
250,Marco De Angelis,http://www.imdb.com/name/nm3042162/?ref_=fn_all_nme_1,,,,Not Available,1,Not Available
251,Maren Ade,http://www.imdb.com/name/nm0011752/?ref_=sr_t_1,Karlsruhe,Baden-Württemberg,Germany,5,41,51
252,Mariano Llinás,http://www.imdb.com/name/nm1183471/?ref_=sr_t_1,Buenos Aires,,Argentina,12,15,16
253,Marjane Satrapi,http://www.imdb.com/name/nm2277869/?ref_=sr_t_1,Rasht,,Iran,6,22,29
254,Mark Neveldine,http://www.imdb.com/name/nm0004410/?ref_=sr_t_1,Watertown,New York,USA,7,Not Available,Not Available
255,Martin Campbell,http://www.imdb.com/name/nm0132709/?ref_=sr_t_1,Hastings,,New Zealand,38,3,2
256,Martin Scorsese,http://www.imdb.com/name/nm0000217/?ref_=sr_t_1,Queens,New York City,"New York, USA",77,197,372
257,Mary Harron,http://www.imdb.com/name/nm0366004/?ref_=sr_t_1,Bracebridge,Ontario,Canada,28,6,13
258,Mel Gibson,http://www.imdb.com/name/nm0000154/?ref_=sr_t_1,Peekskill,New York,USA,12,46,47
259,Mia Hansen-Løve,http://www.imdb.com/name/nm0361135/?ref_=sr_t_1,Paris,,France,10,11,39
260,Michael Bay,http://www.imdb.com/name/nm0000881/?ref_=sr_t_1,Los Angeles,California,USA,64,10,20
261,Michael Haneke,http://www.imdb.com/name/nm0359734/?ref_=sr_t_1,Munich,Bavaria,Germany,22,109,99
262,Michael Mann,http://www.imdb.com/name/nm0000520/?ref_=sr_t_1,Chicago,Illinois,USA,26,19,39
263,Michael Moore,http://www.imdb.com/name/nm0601619/?ref_=sr_t_1,Flint,Michigan,USA,23,72,33
264,Michael Winterbottom,http://www.imdb.com/name/nm0935863/?ref_=sr_t_1,Blackburn,Lancashire,"England, UK",52,27,60
265,Michel Gondry,http://www.imdb.com/name/nm0327273/?ref_=sr_t_1,Versailles,Seine-et-Oise [now Yvelines],France,137,32,51
266,Michel Hazanavicius,http://www.imdb.com/name/nm0371890/?ref_=sr_t_1,Paris,,France,17,57,83
267,Michelangelo Antonioni,http://www.imdb.com/name/nm0000774/?ref_=sr_t_1,Ferrara,Emilia-Romagna,Italy,36,47,28
268,Michelangelo Frammartino,http://www.imdb.com/name/nm1506005/?ref_=sr_t_1,Milan,Lombardy,Italy,8,17,20
269,Miguel Arteta,http://www.imdb.com/name/nm0037708/?ref_=sr_t_1,San Juan,,Puerto Rico,43,3,19
270,Miguel Gomes,http://www.imdb.com/name/nm0326937/?ref_=sr_t_1,Lisbon,,Portugal,17,53,51
271,Mike Judge,http://www.imdb.com/name/nm0431918/?ref_=sr_t_1,Guayaquil,,Ecuador,18,8,32
272,Mike Leigh,http://www.imdb.com/name/nm0005139/?ref_=sr_t_1,Salford,Greater Manchester,"England, UK",25,85,119
273,Mike Mills,http://www.imdb.com/name/nm0590122/?ref_=sr_t_1,Berkeley,California,USA,22,17,42
274,Mira Nair,http://www.imdb.com/name/nm0619762/?ref_=sr_t_1,Bhubaneshwar,Orissa,India,27,35,26
275,Miranda July,http://www.imdb.com/name/nm0432380/?ref_=sr_t_1,Barre,Vermont,USA,11,26,25
276,Mohamed Diab,http://www.imdb.com/name/nm2559996/?ref_=sr_t_1,Ismailia,,Egypt,6,20,21
277,Mohamed Soueid,http://www.imdb.com/name/nm12496991/?ref_=sr_t_1,,,,Not Available,Not Available,Not Available
278,Mohammad Rasoulof,http://www.imdb.com/name/nm1488024/?ref_=sr_t_1,Shiraz,,Iran,10,67,43
279,Mojtaba Mirtahmasb,http://www.imdb.com/name/nm0592554/?ref_=sr_t_1,,,,7,3,5
280,Nadine Labaki,http://www.imdb.com/name/nm1701024/?ref_=sr_t_1,Beirut,,Lebanon,13,42,37
281,Naji Abou Nowar,http://www.imdb.com/name/nm3578681/?ref_=fn_all_nme_1,Oxford,Oxfordshire,"England, UK",2,8,14
282,Nanfu Wang,http://www.imdb.com/name/nm6811599/?ref_=sr_t_1,Jiangxi Province,,China,8,27,54
283,Nanni Moretti,http://www.imdb.com/name/nm0604335/?ref_=sr_t_1,Brunico,Trentino-Alto Adige,Italy,30,64,106
284,Naomi Kawase,http://www.imdb.com/name/nm0442905/?ref_=sr_t_1,Nara,,Japan,49,26,41
285,Neill Blomkamp,http://www.imdb.com/name/nm0088955/?ref_=sr_t_1,Johannesburg,,South Africa,37,15,39
286,Newton I. Aduaka,http://www.imdb.com/name/nm0012529/?ref_=fn_all_nme_1,Ogidi,,Nigeria,9,12,5
287,Ngozi Onwurah,http://www.imdb.com/name/nm0648937/?ref_=sr_t_1,,,Nigeria,22,13,9
288,Nick Cassavetes,http://www.imdb.com/name/nm0001024/?ref_=sr_t_1,New York City,New York,USA,13,5,8
289,Nicolas Winding Refn,http://www.imdb.com/name/nm0716347/?ref_=fn_all_nme_1,Copenhagen,,Denmark,23,30,55
290,Nikolaus Geyrhalter,http://www.imdb.com/name/nm0315430/?ref_=sr_t_1,Vienna,,Austria,19,25,38
291,Nina Paley,http://www.imdb.com/name/nm1315434/?ref_=sr_t_1,Champaign,Illinois,USA,10,7,5
292,Noah Baumbach,http://www.imdb.com/name/nm0000876/?ref_=sr_t_1,Brooklyn,New York City,"New York, USA",17,59,168
293,Norbert Pfaffenbichler,http://www.imdb.com/name/nm1114961/?ref_=sr_t_1,,,,13,2,3
294,Nouri Bouzid,http://www.imdb.com/name/nm0100525/?ref_=sr_t_1,Sfax,,Tunisia,11,14,9
295,Nuri Bilge Ceylan,http://www.imdb.com/name/nm0149196/?ref_=fn_all_nme_1,Istanbul,,Turkey,12,97,80
296,Oliver Schmitz,http://www.imdb.com/name/nm0005628/?ref_=sr_t_1,Cape Town,,South Africa,43,11,11
297,Olivier Assayas,http://www.imdb.com/name/nm0000801/?ref_=sr_t_1,Paris,,France,37,31,73
298,Ossama Mohammed,http://www.imdb.com/name/nm0611256/?ref_=sr_t_1,Lattakia,,Syria,5,9,4
299,Ousmane Sembène,http://www.imdb.com/name/nm0783733/?ref_=sr_t_1,Ziguenchor,Casamance,Senegal,13,22,11
300,Pablo Berger,http://www.imdb.com/name/nm0074311/?ref_=sr_t_1,Bilbao,Vizcaya,"País Vasco, Spain",7,41,40
301,Pablo Larraín,http://www.imdb.com/name/nm1883257/?ref_=sr_t_1,Santiago de Chile,Metropolitan Region,Chile,28,53,98
302,Pacho Velez,http://www.imdb.com/name/nm1381945/?ref_=sr_t_1,,,,13,10,23
303,Paolo Benvenuti,https://www.imdb.com/name/nm0073047/?ref_=fn_all_nme_2,Pisa,Tuscany,Italy,17,3,6
304,Paolo Sorrentino,http://www.imdb.com/name/nm0815204/?ref_=sr_t_1,Naples,Campania,Italy,37,91,113
305,Park Chan-wook,http://www.imdb.com/name/nm0661791/?ref_=sr_t_1,Seoul,,South Korea,23,83,116
306,Patricio Guzmán,http://www.imdb.com/name/nm0350099/?ref_=sr_t_1,Santiago,,Chile,31,42,36
307,Patrick Wang,http://www.imdb.com/name/nm1169526/?ref_=sr_t_1,,,,5,5,4
308,Patty Jenkins,http://www.imdb.com/name/nm0420941/?ref_=sr_t_1,George Air Force Base,Victorville,"California, USA",15,15,20
309,Paul Feig,http://www.imdb.com/name/nm0082450/?ref_=sr_t_1,Mount Clemens,Michigan,USA,32,8,13
310,Paul Greengrass,http://www.imdb.com/name/nm0339030/?ref_=sr_t_1,Cheam,Surrey,"England, UK",23,39,72
311,Paul Thomas Anderson,http://www.imdb.com/name/nm0000759/?ref_=fn_all_nme_1,Studio City,California,USA,48,96,274
312,Paweł Pawlikowski,http://www.imdb.com/name/nm0667734/?ref_=sr_t_1,Warsaw,Mazowieckie,Poland,14,80,79
313,Pedro Almodóvar,http://www.imdb.com/name/nm0000264/?ref_=sr_t_1,Calzada de Calatrava,Ciudad Real,"Castilla-La Mancha, Spain",43,174,226
314,Pedro Costa,http://www.imdb.com/name/nm0182276/?ref_=sr_t_1,Lisbon,,Portugal,19,45,45
315,Pete Docter,http://www.imdb.com/name/nm0230032/?ref_=sr_t_1,Bloomington,Minnesota,USA,12,60,87
316,Peter Jackson,http://www.imdb.com/name/nm0001392/?ref_=sr_t_1,Pukerua Bay,North Island,New Zealand,30,145,140
317,Peter Mullan,http://www.imdb.com/name/nm0611932/?ref_=sr_t_1,Peterhead,Scotland,UK,7,46,43
318,Peter Tscherkassky,http://www.imdb.com/name/nm0874787/?ref_=sr_t_1,Vienna,,Austria,25,15,14
319,Peter Watkins,http://www.imdb.com/name/nm0914386/?ref_=sr_t_1,Norbiton,Surrey,"England, UK",18,9,2
320,Peter Weir,http://www.imdb.com/name/nm0001837/?ref_=sr_t_1,Sydney,New South Wales,Australia,31,42,60
321,Phil Solomon,http://www.imdb.com/name/nm0994047/?ref_=sr_t_1,,,,1,Not Available,Not Available
322,Philip Gröning,http://www.imdb.com/name/nm0344973/?ref_=sr_t_1,Düsseldorf,,West Germany,10,13,22
323,Philip Kaufman,http://www.imdb.com/name/nm0442241/?ref_=sr_t_1,Chicago,Illinois,USA,14,15,21
324,Philippe Garrel,http://www.imdb.com/name/nm0308042/?ref_=sr_t_1,Paris,,France,38,12,29
325,Philippe Grandrieux,http://www.imdb.com/name/nm0334930/?ref_=sr_t_1,Saint-Étienne,Loire,"Rhône-Alpes, France",18,4,6
326,Pietro Marcello,http://www.imdb.com/name/nm2754122/?ref_=sr_t_1,Caserta,Campania,Italy,16,25,43
327,Pippo Delbono,http://www.imdb.com/name/nm2647632/?ref_=sr_t_1,,,,11,6,4
328,Pirjo Honkasalo,http://www.imdb.com/name/nm0393345/?ref_=sr_t_1,Helsinki,,Finland,22,23,16
329,Quentin Tarantino,http://www.imdb.com/name/nm0000233/?ref_=sr_t_1,Knoxville,Tennessee,USA,22,171,286
330,Raam Reddy,http://www.imdb.com/name/nm5339365/?ref_=sr_t_1,Bangalore,Karnataka,India,5,14,9
331,Rachid Bouchareb,http://www.imdb.com/name/nm0098953/?ref_=sr_t_1,Paris,,France,21,38,18
332,Rajat Kapoor,http://www.imdb.com/name/nm0438494/?ref_=sr_t_1,New Delhi,,India,14,10,23
333,Ramin Bahrani,http://www.imdb.com/name/nm1023919/?ref_=sr_t_1,North Carolina,,USA,22,24,29
334,Raoul Peck,http://www.imdb.com/name/nm0669704/?ref_=sr_t_1,Port-au-Prince,,Haiti,26,34,53
335,Raúl Ruiz,http://www.imdb.com/name/nm0749914/?ref_=sr_t_1,Puerto Montt,,Chile,118,28,38
336,Rehad Desai,http://www.imdb.com/name/nm2390834/?ref_=sr_t_1,,,,8,6,2
337,Rian Johnson,http://www.imdb.com/name/nm0426059/?ref_=sr_t_1,Silver Spring,Maryland,USA,20,50,120
338,Richard Curtis,http://www.imdb.com/name/nm0193485/?ref_=sr_t_1,Wellington,,New Zealand,6,24,37
339,Richard Kelly,http://www.imdb.com/name/nm0446819/?ref_=sr_t_1,Newport News,Virginia,USA,5,8,9
340,Richard Linklater,http://www.imdb.com/name/nm0000500/?ref_=sr_t_1,Houston,Texas,USA,36,111,160
341,Rick Alverson,http://www.imdb.com/name/nm3687830/?ref_=sr_t_1,Spokane,Washington,USA,15,4,8
342,Ridley Scott,http://www.imdb.com/name/nm0000631/?ref_=sr_t_1,South Shields,County Durham,"England, UK",59,52,109
343,Rita Azevedo Gomes,http://www.imdb.com/name/nm0326946/?ref_=fn_all_nme_1,,,,12,3,19
344,Rob Marshall,http://www.imdb.com/name/nm0551128/?ref_=sr_t_1,Madison,Wisconsin,USA,12,19,23
345,Robert Altman,http://www.imdb.com/name/nm0000265/?ref_=sr_t_1,Kansas City,Missouri,USA,91,68,76
346,Robert Greene,http://www.imdb.com/name/nm1914992/?ref_=sr_t_1,Charlotte,North Carolina,USA,14,9,43
347,Robert Pulcini,http://www.imdb.com/name/nm0700301/?ref_=sr_t_1,New York City,New York,USA,21,25,26
348,Robert Zemeckis,http://www.imdb.com/name/nm0000709/?ref_=sr_t_1,Chicago,Illinois,USA,35,37,42
349,Roberto Benigni,http://www.imdb.com/name/nm0000905/?ref_=sr_t_1,Manciano La Misericordia,Castiglion Fiorentino,"Tuscany, Italy",9,63,43
350,Roman Polanski,http://www.imdb.com/name/nm0000591/?ref_=sr_t_1,Paris,,France,42,102,93
351,Ronit Elkabetz,http://www.imdb.com/name/nm0253813/?ref_=sr_t_1,Beersheba,,Israel,3,27,22
352,Roy Andersson,http://www.imdb.com/name/nm0027815/?ref_=sr_t_1,Gothenburg,Västra Götalands län,Sweden,23,31,29
353,Royston Tan,http://www.imdb.com/name/nm0848892/?ref_=sr_t_1,,,Singapore,22,22,10
354,Ryan Coogler,http://www.imdb.com/name/nm3363032/?ref_=sr_t_1,Oakland,California,USA,12,60,87
355,S. Craig Zahler,http://www.imdb.com/name/nm0951975/?ref_=fn_all_nme_1,Miami,Florida,USA,4,4,9
356,Sam Mendes,http://www.imdb.com/name/nm0005222/?ref_=sr_t_1,Reading,Berkshire,"England, UK",22,65,79
357,Sam Raimi,http://www.imdb.com/name/nm0000600/?ref_=sr_t_1,Royal Oak,Michigan,USA,40,15,23
358,Samba Gadjigo,http://www.imdb.com/name/nm7046188/?ref_=sr_t_1,,,,2,2,6
359,Sara Fattahi,http://www.imdb.com/name/nm7986571/?ref_=sr_t_1,Damascus,,Syria,2,5,6
360,Sarah Polley,http://www.imdb.com/name/nm0001631/?ref_=sr_t_1,Toronto,Ontario,Canada,10,92,129
361,Satoshi Kon,http://www.imdb.com/name/nm0464804/?ref_=sr_t_1,Sapporo,Hokkaido,Japan,10,20,5
362,Scandar Copti,http://www.imdb.com/name/nm2738713/?ref_=sr_t_1,Jaffa,Tel Aviv,Israel,10,15,9
363,Sean Baker,http://www.imdb.com/name/nm0048918/?ref_=sr_t_1,New York City,New York,USA,15,55,106
364,Seth Rogen,http://www.imdb.com/name/nm0736622/?ref_=sr_t_1,Vancouver,British Columbia,Canada,12,16,58
365,Shane Black,http://www.imdb.com/name/nm0000948/?ref_=sr_t_1,Pittsburgh,Pennsylvania,USA,7,4,13
366,Shane Carruth,http://www.imdb.com/name/nm1503403/?ref_=sr_t_1,Myrtle Beach,South Carolina,USA,3,6,29
367,Shane Meadows,http://www.imdb.com/name/nm0276349/?ref_=sr_t_1,Uttoxeter,Staffordshire,"England, UK",20,30,32
368,Shari Springer Berman,http://www.imdb.com/name/nm0075849/?ref_=fn_all_nme_1,New York City,New York,USA,21,22,25
369,Shimit Amin,http://www.imdb.com/name/nm0024912/?ref_=sr_t_1,,,,13,9,9
370,Shlomi Elkabetz,http://www.imdb.com/name/nm1729095/?ref_=sr_t_1,Beersheba,,Israel,8,16,13
371,Sidney Lumet,http://www.imdb.com/name/nm0001486/?ref_=sr_t_1,Philadelphia,Pennsylvania,USA,74,38,52
372,Sion Sono,http://www.imdb.com/name/nm0814469/?ref_=sr_t_1,Toyokawa,Aichi,Japan,65,28,30
373,Sofia Coppola,http://www.imdb.com/name/nm0001068/?ref_=sr_t_1,New York City,New York,USA,27,63,84
374,Spike Jonze,http://www.imdb.com/name/nm0005069/?ref_=sr_t_1,Rockville,Maryland,USA,108,67,125
375,Spike Lee,http://www.imdb.com/name/nm0000490/?ref_=sr_t_1,Atlanta,Georgia,USA,134,96,185
376,Stephanie Spray,http://www.imdb.com/name/nm5856477/?ref_=sr_t_1,,,,1,6,11
377,Stephen Chow,http://www.imdb.com/name/nm0159507/?ref_=sr_t_1,,,Hong Kong,11,19,41
378,Stephen Daldry,http://www.imdb.com/name/nm0197636/?ref_=sr_t_1,Dorset,England,UK,12,44,55
379,Stephen Frears,http://www.imdb.com/name/nm0001241/?ref_=sr_t_1,Leicester,Leicestershire,"England, UK",72,78,78
380,Stevan Riley,http://www.imdb.com/name/nm2257147/?ref_=sr_t_1,,,,6,4,17
381,Steve McQueen,http://www.imdb.com/name/nm2588606/?ref_=sr_t_1,London,England,UK,37,100,134
382,Steven Knight,http://www.imdb.com/name/nm1140275/?ref_=sr_t_1,Marlborough,England,UK,4,12,36
383,Steven Soderbergh,http://www.imdb.com/name/nm0001752/?ref_=sr_t_1,Atlanta,Georgia,USA,53,32,93
384,Steven Spielberg,http://www.imdb.com/name/nm0000229/?ref_=sr_t_1,Cincinnati,Ohio,USA,60,216,350
385,Sudhir Mishra,http://www.imdb.com/name/nm0592803/?ref_=sr_t_1,Lucknow,Uttar Pradesh,India,24,3,8
386,Susanne Bier,http://www.imdb.com/name/nm0081540/?ref_=sr_t_1,Copenhagen,,Denmark,23,43,41
387,Takahisa Zeze,http://www.imdb.com/name/nm0955270/?ref_=sr_t_1,"Matama, Ôita, Japan [now Bungotakada",Japan [now Bungotakada,"Ôita, Japan]",63,23,18
388,Takeshi Kitano,http://www.imdb.com/name/nm0001429/?ref_=sr_t_1,Tokyo,,Japan,22,58,49
389,Tan Pin Pin,https://www.imdb.com/name/nm2566810/?ref_=fn_all_nme_1,,,,14,5,11
390,Terence Davies,http://www.imdb.com/name/nm0203993/?ref_=sr_t_1,Liverpool,England,UK,15,22,50
391,Terrence Malick,http://www.imdb.com/name/nm0000517/?ref_=sr_t_1,Ottawa,Illinois,USA,18,48,69
392,Terry George,http://www.imdb.com/name/nm0313623/?ref_=sr_t_1,Belfast,Northern Ireland,UK,13,13,18
393,Terry Zwigoff,http://www.imdb.com/name/nm0959062/?ref_=sr_t_1,Appleton,Wisconsin,USA,7,16,26
394,Thom Andersen,http://www.imdb.com/name/nm0026263/?ref_=sr_t_1,Chicago,Illinois,USA,10,2,1
395,Thomas Vinterberg,http://www.imdb.com/name/nm0899121/?ref_=sr_t_1,Copenhagen,,Denmark,24,80,74
396,Tigmanshu Dhulia,http://www.imdb.com/name/nm0223606/?ref_=sr_t_1,Allahabad,Uttar Pradesh,India,27,11,16
397,Todd Haynes,http://www.imdb.com/name/nm0001331/?ref_=sr_t_1,Los Angeles,California,USA,21,67,119
398,Tom Ford,http://www.imdb.com/name/nm1053530/?ref_=sr_t_1,Austin,Texas,USA,2,12,51
399,Tom Hooper,http://www.imdb.com/name/nm0393799/?ref_=sr_t_1,London,England,UK,25,36,50
400,Tom McCarthy,http://www.imdb.com/name/nm0565336/?ref_=sr_t_1,New Providence,New Jersey,USA,10,77,101
401,Tom McGrath,http://www.imdb.com/name/nm0569891/?ref_=sr_t_1,Lynnwood,Washington,USA,11,1,11
402,Tomas Alfredson,http://www.imdb.com/name/nm0019247/?ref_=sr_t_1,Lidingö,Stockholms län,Sweden,35,40,32
403,Tomm Moore,http://www.imdb.com/name/nm1119079/?ref_=sr_t_1,Newry,Northern Ireland,UK,5,27,40
404,Tommy Lee Jones,http://www.imdb.com/name/nm0000169/?ref_=fn_all_nme_1,San Saba,Texas,USA,4,44,90
405,Tony Gilroy,http://www.imdb.com/name/nm0006904/?ref_=sr_t_1,Manhattan,New York City,"New York, USA",3,4,51
406,Tony Scott,http://www.imdb.com/name/nm0001716/?ref_=sr_t_1,North Shields,Northumberland,"England, UK",32,7,14
407,Travis Wilkerson,http://www.imdb.com/name/nm1288933/?ref_=sr_t_1,Denver,Colorado,USA,11,4,19
408,Trey Parker,http://www.imdb.com/name/nm0005295/?ref_=sr_t_1,Conifer,Colorado,USA,26,21,24
409,Tsai Ming-liang,http://www.imdb.com/name/nm0158857/?ref_=sr_t_1,Kuching,Sarawak,Malaysia,47,65,75
410,Uli Edel,http://www.imdb.com/name/nm0248942/?ref_=sr_t_1,Neuenburg am Rhein,,Germany,37,7,13
411,Ulrich Seidl,http://www.imdb.com/name/nm0782430/?ref_=sr_t_1,Vienna,,Austria,28,33,26
412,Valeska Grisebach,http://www.imdb.com/name/nm1007136/?ref_=sr_t_1,Bremen,,West Germany [now Germany],4,20,24
413,Vicky Jenson,http://www.imdb.com/name/nm0421776/?ref_=sr_t_1,,,,10,15,7
414,Vikramaditya Motwane,http://www.imdb.com/name/nm0003939/?ref_=sr_t_1,Bombay,,India,19,18,18
415,Vincent Paronnaud,http://www.imdb.com/name/nm1749112/?ref_=sr_t_1,La Rochelle,Charente-Maritime,France,12,24,36
416,Vishal Bhardwaj,http://www.imdb.com/name/nm0080235/?ref_=sr_t_1,Chandpur,Bijnor,"Uttar Pradesh, India",19,24,65
417,Víctor Erice,http://www.imdb.com/name/nm0258977/?ref_=sr_t_1,Karrantza,Vizcaya,"País Vasco, Spain",19,34,23
418,Víctor Gaviria,http://www.imdb.com/name/nm0310597/?ref_=sr_t_1,Medellin,,Colombia,13,22,7
419,Wai Keung Lau,http://www.imdb.com/name/nm0490487/?ref_=fn_all_nme_1,,,Hong Kong,51,14,27
420,Wang Bing,http://www.imdb.com/name/nm1504063/?ref_=sr_t_1,Xi'an,Shaanxi,China,26,42,41
421,Warwick Thornton,http://www.imdb.com/name/nm0861610/?ref_=sr_t_1,Alice Springs,Northern Territory,Australia,21,42,44
422,Wayne Blair,http://www.imdb.com/name/nm0992370/?ref_=sr_t_1,Taree,New South Wales,Australia,26,17,22
423,Werner Herzog,http://www.imdb.com/name/nm0001348/?ref_=sr_t_1,Munich,Bavaria,Germany,78,65,73
424,Wes Anderson,http://www.imdb.com/name/nm0027572/?ref_=sr_t_1,Houston,Texas,USA,30,83,213
425,Whit Stillman,http://www.imdb.com/name/nm0001775/?ref_=sr_t_1,Washington,District of Columbia,USA,8,10,25
426,Wolfgang Becker,http://www.imdb.com/name/nm0065615/?ref_=sr_t_1,Hemer,North Rhine-Westphalia,Germany,11,27,16
427,Wong Kar-wai,http://www.imdb.com/name/nm0939182/?ref_=sr_t_1,Shanghai,,China,36,45,88
428,Woody Allen,http://www.imdb.com/name/nm0000095/?ref_=sr_t_1,Bronx,New York City,"New York, USA",57,144,224
429,Xavier Beauvois,http://www.imdb.com/name/nm0064741/?ref_=sr_t_1,Auchel,Pas-de-Calais,France,12,17,35
430,Xavier Dolan,http://www.imdb.com/name/nm0230859/?ref_=sr_t_1,Montreal,Quebec,Canada,13,92,129
431,Yann Arthus-Bertrand,http://www.imdb.com/name/nm0037867/?ref_=sr_t_1,Paris,,France,16,3,8
432,Yaron Shani,http://www.imdb.com/name/nm1760871/?ref_=sr_t_1,Tel Aviv,,Israel,7,21,13
433,Yervant Gianikian,http://www.imdb.com/name/nm0316214/?ref_=sr_t_1,"Meran, Tyrol, Austria-Hungary [now Merano",Austria-Hungary [now Merano,"Alto Adige, Italy]",53,3,4
434,Yorgos Lanthimos,http://www.imdb.com/name/nm0487166/?ref_=sr_t_1,Athens,,Greece,27,69,184
435,Zhang Yimou,http://www.imdb.com/name/nm0955443/?ref_=sr_t_1,Xi'an,Shaanxi,China,37,189,175
436,Ágnes Hranitzky,http://www.imdb.com/name/nm0398555/?ref_=sr_t_1,Derecske,,Hungary,4,Not Available,Not Available
437,Éric Rohmer,http://www.imdb.com/name/nm0006445/?ref_=sr_t_1,Tulle,Corrèze,France,54,34,35
